data,perc_story,ospedalizzati_story,terapie_story,deceduti_story,primadose_story,secondadose_story,terzadose_story,quartadose_story
01/09/2020,1.49,233.0,21.0,2.0,0.0,0.0,0.0,0.0
02/09/2020,1.39,242.0,22.0,2.0,0.0,0.0,0.0,0.0
03/09/2020,1.62,252.0,27.0,1.0,0.0,0.0,0.0,0.0
04/09/2020,1.23,270.0,26.0,6.0,0.0,0.0,0.0,0.0
05/09/2020,1.66,268.0,23.0,1.0,0.0,0.0,0.0,0.0
06/09/2020,1.63,273.0,25.0,3.0,0.0,0.0,0.0,0.0
07/09/2020,1.2,268.0,26.0,6.0,0.0,0.0,0.0,0.0
08/09/2020,1.3,275.0,27.0,2.0,0.0,0.0,0.0,0.0
09/09/2020,1.02,279.0,27.0,3.0,0.0,0.0,0.0,0.0
10/09/2020,1.41,286.0,30.0,1.0,0.0,0.0,0.0,0.0
11/09/2020,1.43,273.0,27.0,4.0,0.0,0.0,0.0,0.0
12/09/2020,1.63,278.0,27.0,0.0,0.0,0.0,0.0,0.0
13/09/2020,2.06,280.0,28.0,3.0,0.0,0.0,0.0,0.0
14/09/2020,1.58,290.0,28.0,2.0,0.0,0.0,0.0,0.0
15/09/2020,0.91,292.0,29.0,2.0,0.0,0.0,0.0,0.0
16/09/2020,0.89,294.0,30.0,2.0,0.0,0.0,0.0,0.0
17/09/2020,1.29,304.0,32.0,1.0,0.0,0.0,0.0,0.0
18/09/2020,1.33,316.0,32.0,2.0,0.0,0.0,0.0,0.0
19/09/2020,1.12,307.0,36.0,9.0,0.0,0.0,0.0,0.0
20/09/2020,1.41,302.0,38.0,5.0,0.0,0.0,0.0,0.0
21/09/2020,0.9,319.0,36.0,1.0,0.0,0.0,0.0,0.0
22/09/2020,1.23,328.0,34.0,2.0,0.0,0.0,0.0,0.0
23/09/2020,0.86,341.0,33.0,0.0,0.0,0.0,0.0,0.0
24/09/2020,1.07,334.0,31.0,10.0,0.0,0.0,0.0,0.0
25/09/2020,1.36,330.0,30.0,2.0,0.0,0.0,0.0,0.0
26/09/2020,1.34,342.0,30.0,4.0,0.0,0.0,0.0,0.0
27/09/2020,1.3,333.0,31.0,5.0,0.0,0.0,0.0,0.0
28/09/2020,1.5,337.0,31.0,2.0,0.0,0.0,0.0,0.0
29/09/2020,1.47,348.0,33.0,3.0,0.0,0.0,0.0,0.0
30/09/2020,1.07,340.0,34.0,4.0,0.0,0.0,0.0,0.0
01/10/2020,1.31,333.0,35.0,5.0,0.0,0.0,0.0,0.0
02/10/2020,1.55,341.0,39.0,4.0,0.0,0.0,0.0,0.0
03/10/2020,2.08,335.0,42.0,5.0,0.0,0.0,0.0,0.0
04/10/2020,2.12,335.0,39.0,2.0,0.0,0.0,0.0,0.0
05/10/2020,3.11,346.0,41.0,2.0,0.0,0.0,0.0,0.0
06/10/2020,2.18,360.0,40.0,0.0,0.0,0.0,0.0,0.0
07/10/2020,2.41,379.0,40.0,5.0,0.0,0.0,0.0,0.0
08/10/2020,3.09,402.0,41.0,1.0,0.0,0.0,0.0,0.0
09/10/2020,3.84,415.0,44.0,1.0,0.0,0.0,0.0,0.0
10/10/2020,4.98,452.0,44.0,2.0,0.0,0.0,0.0,0.0
11/10/2020,6.62,481.0,48.0,3.0,0.0,0.0,0.0,0.0
12/10/2020,4.99,513.0,50.0,3.0,0.0,0.0,0.0,0.0
13/10/2020,6.28,608.0,62.0,6.0,0.0,0.0,0.0,0.0
14/10/2020,6.35,709.0,64.0,17.0,0.0,0.0,0.0,0.0
15/10/2020,6.36,798.0,72.0,26.0,0.0,0.0,0.0,0.0
16/10/2020,7.91,905.0,71.0,7.0,0.0,0.0,0.0,0.0
17/10/2020,9.17,1039.0,96.0,13.0,0.0,0.0,0.0,0.0
18/10/2020,9.6,1175.0,110.0,21.0,0.0,0.0,0.0,0.0
19/10/2020,11.57,1249.0,113.0,6.0,0.0,0.0,0.0,0.0
20/10/2020,9.31,1391.0,123.0,19.0,0.0,0.0,0.0,0.0
21/10/2020,11.33,1655.0,134.0,20.0,0.0,0.0,0.0,0.0
22/10/2020,11.55,1841.0,156.0,29.0,0.0,0.0,0.0,0.0
23/10/2020,13.3,2197.0,184.0,7.0,0.0,0.0,0.0,0.0
24/10/2020,15.13,2366.0,213.0,51.0,0.0,0.0,0.0,0.0
25/10/2020,16.33,2557.0,231.0,25.0,0.0,0.0,0.0,0.0
26/10/2020,16.74,2701.0,242.0,17.0,0.0,0.0,0.0,0.0
27/10/2020,16.81,2986.0,271.0,58.0,0.0,0.0,0.0,0.0
28/10/2020,18.32,3364.0,292.0,47.0,0.0,0.0,0.0,0.0
29/10/2020,17.19,3700.0,345.0,57.0,0.0,0.0,0.0,0.0
30/10/2020,19.11,4068.0,370.0,48.0,0.0,0.0,0.0,0.0
31/10/2020,19.07,4425.0,392.0,73.0,0.0,0.0,0.0,0.0
01/11/2020,21.7,4664.0,418.0,54.0,0.0,0.0,0.0,0.0
02/11/2020,21.91,4841.0,435.0,46.0,0.0,0.0,0.0,0.0
03/11/2020,21.04,5215.0,475.0,117.0,0.0,0.0,0.0,0.0
04/11/2020,17.75,5525.0,507.0,96.0,0.0,0.0,0.0,0.0
05/11/2020,21.24,5840.0,522.0,139.0,0.0,0.0,0.0,0.0
06/11/2020,21.41,6133.0,570.0,131.0,0.0,0.0,0.0,0.0
07/11/2020,24.92,6423.0,610.0,108.0,0.0,0.0,0.0,0.0
08/11/2020,16.54,6875.0,650.0,117.0,0.0,0.0,0.0,0.0
09/11/2020,22.62,7084.0,670.0,99.0,0.0,0.0,0.0,0.0
10/11/2020,23.21,7390.0,708.0,129.0,0.0,0.0,0.0,0.0
11/11/2020,15.52,7671.0,764.0,152.0,0.0,0.0,0.0,0.0
12/11/2020,21.64,7829.0,782.0,187.0,0.0,0.0,0.0,0.0
13/11/2020,19.11,8120.0,801.0,118.0,0.0,0.0,0.0,0.0
14/11/2020,22.87,8438.0,817.0,158.0,0.0,0.0,0.0,0.0
15/11/2020,20.83,8618.0,837.0,181.0,0.0,0.0,0.0,0.0
16/11/2020,22.89,8756.0,855.0,99.0,0.0,0.0,0.0,0.0
17/11/2020,22.07,9045.0,894.0,202.0,0.0,0.0,0.0,0.0
18/11/2020,20.03,9226.0,903.0,182.0,0.0,0.0,0.0,0.0
19/11/2020,19.82,9206.0,915.0,165.0,0.0,0.0,0.0,0.0
20/11/2020,21.83,9234.0,930.0,175.0,0.0,0.0,0.0,0.0
21/11/2020,19.99,9250.0,936.0,169.0,0.0,0.0,0.0,0.0
22/11/2020,17.09,9340.0,949.0,165.0,0.0,0.0,0.0,0.0
23/11/2020,16.09,9276.0,945.0,140.0,0.0,0.0,0.0,0.0
24/11/2020,15.74,9292.0,932.0,186.0,0.0,0.0,0.0,0.0
25/11/2020,12.3,9056.0,942.0,155.0,0.0,0.0,0.0,0.0
26/11/2020,12.88,8930.0,934.0,207.0,0.0,0.0,0.0,0.0
27/11/2020,13.17,8794.0,925.0,181.0,0.0,0.0,0.0,0.0
28/11/2020,12.38,8535.0,919.0,119.0,0.0,0.0,0.0,0.0
29/11/2020,11.26,8307.0,907.0,135.0,0.0,0.0,0.0,0.0
30/11/2020,11.36,8339.0,906.0,208.0,0.0,0.0,0.0,0.0
01/12/2020,11.63,8218.0,876.0,249.0,0.0,0.0,0.0,0.0
02/12/2020,9.49,8077.0,855.0,175.0,0.0,0.0,0.0,0.0
03/12/2020,10.34,7861.0,836.0,347.0,0.0,0.0,0.0,0.0
04/12/2020,10.72,7614.0,822.0,147.0,0.0,0.0,0.0,0.0
05/12/2020,10.09,7359.0,805.0,111.0,0.0,0.0,0.0,0.0
06/12/2020,9.27,7179.0,807.0,140.0,0.0,0.0,0.0,0.0
07/12/2020,9.32,7143.0,781.0,56.0,0.0,0.0,0.0,0.0
08/12/2020,10.17,6954.0,767.0,128.0,0.0,0.0,0.0,0.0
09/12/2020,8.7,6493.0,766.0,69.0,0.0,0.0,0.0,0.0
10/12/2020,8.64,6361.0,748.0,172.0,0.0,0.0,0.0,0.0
11/12/2020,8.94,6150.0,733.0,132.0,0.0,0.0,0.0,0.0
12/12/2020,9.38,6006.0,717.0,85.0,0.0,0.0,0.0,0.0
13/12/2020,9.15,5873.0,714.0,144.0,0.0,0.0,0.0,0.0
14/12/2020,8.35,5738.0,685.0,67.0,0.0,0.0,0.0,0.0
15/12/2020,8.69,5652.0,656.0,114.0,0.0,0.0,0.0,0.0
16/12/2020,7.96,5575.0,629.0,106.0,0.0,0.0,0.0,0.0
17/12/2020,8.64,5404.0,611.0,68.0,0.0,0.0,0.0,0.0
18/12/2020,8.11,5258.0,602.0,60.0,0.0,0.0,0.0,0.0
19/12/2020,7.19,5087.0,592.0,105.0,0.0,0.0,0.0,0.0
20/12/2020,8.01,4924.0,583.0,49.0,0.0,0.0,0.0,0.0
21/12/2020,8.97,4793.0,561.0,41.0,0.0,0.0,0.0,0.0
22/12/2020,7.13,4830.0,540.0,92.0,0.0,0.0,0.0,0.0
23/12/2020,6.54,4779.0,536.0,98.0,0.0,0.0,0.0,0.0
24/12/2020,8.22,4699.0,521.0,67.0,0.0,0.0,0.0,0.0
25/12/2020,9.41,4498.0,522.0,105.0,0.0,0.0,0.0,0.0
26/12/2020,10.47,4352.0,513.0,36.0,0.0,0.0,0.0,0.0
27/12/2020,9.51,4309.0,508.0,49.0,0.0,0.0,0.0,0.0
28/12/2020,10.44,4303.0,512.0,42.0,0.0,0.0,0.0,0.0
29/12/2020,7.26,4132.0,498.0,49.0,0.0,0.0,0.0,0.0
30/12/2020,7.01,4098.0,481.0,80.0,0.0,0.0,0.0,0.0
31/12/2020,11.74,3926.0,489.0,85.0,0.0,0.0,0.0,0.0
01/01/2021,12.0,3839.0,487.0,80.0,0.0,0.0,0.0,0.0
02/01/2021,11.92,3784.0,491.0,78.0,1952.0,0.0,0.0,0.0
03/01/2021,12.94,3756.0,489.0,36.0,2804.0,0.0,0.0,0.0
04/01/2021,10.57,3711.0,484.0,27.0,8773.0,0.0,0.0,0.0
05/01/2021,10.46,3819.0,475.0,62.0,16441.0,0.0,0.0,0.0
06/01/2021,10.37,3895.0,471.0,92.0,23463.0,0.0,0.0,0.0
07/01/2021,13.77,3836.0,473.0,34.0,35010.0,0.0,0.0,0.0
08/01/2021,10.66,3902.0,466.0,133.0,47512.0,0.0,0.0,0.0
09/01/2021,10.09,4033.0,456.0,63.0,59820.0,0.0,0.0,0.0
10/01/2021,13.06,4057.0,459.0,59.0,70328.0,0.0,0.0,0.0
11/01/2021,11.14,3984.0,462.0,62.0,86091.0,0.0,0.0,0.0
12/01/2021,7.18,4107.0,466.0,54.0,105349.0,0.0,0.0,0.0
13/01/2021,7.04,4113.0,462.0,51.0,130182.0,0.0,0.0,0.0
14/01/2021,9.03,4082.0,468.0,72.0,155393.0,0.0,0.0,0.0
15/01/2021,6.5,4067.0,466.0,68.0,179123.0,0.0,0.0,0.0
16/01/2021,6.04,4118.0,454.0,78.0,193416.0,0.0,0.0,0.0
17/01/2021,6.4,4062.0,452.0,65.0,201253.0,197.0,0.0,0.0
18/01/2021,7.28,4002.0,449.0,45.0,209029.0,1171.0,0.0,0.0
19/01/2021,3.85,4044.0,425.0,57.0,216056.0,1647.0,0.0,0.0
20/01/2021,4.86,4078.0,428.0,66.0,221129.0,1761.0,0.0,0.0
21/01/2021,5.92,4055.0,411.0,55.0,225406.0,2446.0,0.0,0.0
22/01/2021,5.78,3987.0,408.0,58.0,228063.0,2498.0,0.0,0.0
23/01/2021,4.83,3897.0,398.0,104.0,228908.0,2696.0,0.0,0.0
24/01/2021,5.93,3833.0,405.0,44.0,229410.0,3358.0,0.0,0.0
25/01/2021,7.9,3819.0,407.0,46.0,229858.0,9658.0,0.0,0.0
26/01/2021,5.12,3922.0,392.0,77.0,230161.0,17403.0,0.0,0.0
27/01/2021,5.12,3950.0,377.0,62.0,230859.0,24408.0,0.0,0.0
28/01/2021,6.25,3908.0,371.0,88.0,231416.0,35490.0,0.0,0.0
29/01/2021,5.56,3869.0,379.0,77.0,231872.0,47510.0,0.0,0.0
30/01/2021,4.64,3831.0,377.0,58.0,232058.0,58951.0,0.0,0.0
31/01/2021,5.87,3865.0,362.0,24.0,232090.0,68136.0,0.0,0.0
01/02/2021,6.37,3860.0,371.0,52.0,233644.0,83557.0,0.0,0.0
02/02/2021,4.02,3905.0,361.0,63.0,233717.0,89713.0,0.0,0.0
03/02/2021,4.5,3913.0,359.0,46.0,235132.0,108949.0,0.0,0.0
04/02/2021,5.28,3901.0,362.0,40.0,236129.0,123770.0,0.0,0.0
05/02/2021,6.42,3908.0,359.0,46.0,238317.0,153864.0,0.0,0.0
06/02/2021,5.33,3894.0,354.0,50.0,239982.0,180436.0,0.0,0.0
07/02/2021,5.48,3825.0,358.0,58.0,240187.0,185008.0,0.0,0.0
08/02/2021,6.43,3853.0,362.0,51.0,240724.0,191717.0,0.0,0.0
09/02/2021,5.51,3916.0,363.0,55.0,242740.0,200555.0,0.0,0.0
10/02/2021,5.09,3935.0,371.0,39.0,244987.0,206496.0,0.0,0.0
11/02/2021,5.8,3918.0,368.0,54.0,256900.0,215908.0,0.0,0.0
12/02/2021,6.57,3942.0,359.0,47.0,266814.0,222329.0,0.0,0.0
13/02/2021,5.56,3939.0,365.0,61.0,275111.0,226325.0,0.0,0.0
14/02/2021,6.56,3926.0,364.0,21.0,279202.0,227330.0,0.0,0.0
15/02/2021,6.63,3938.0,366.0,35.0,280622.0,227571.0,0.0,0.0
16/02/2021,5.68,4066.0,373.0,38.0,291750.0,229352.0,0.0,0.0
17/02/2021,4.61,4103.0,363.0,29.0,300783.0,230626.0,0.0,0.0
18/02/2021,5.98,4084.0,368.0,55.0,312030.0,232192.0,0.0,0.0
19/02/2021,7.18,4106.0,373.0,33.0,324970.0,233438.0,0.0,0.0
20/02/2021,6.86,4104.0,382.0,37.0,337620.0,234333.0,0.0,0.0
21/02/2021,7.58,4127.0,386.0,50.0,342853.0,234494.0,0.0,0.0
22/02/2021,8.34,4217.0,391.0,45.0,352135.0,234808.0,0.0,0.0
23/02/2021,7.06,4325.0,408.0,43.0,363493.0,235642.0,0.0,0.0
24/02/2021,6.58,4352.0,406.0,38.0,375139.0,236784.0,0.0,0.0
25/02/2021,8.24,4431.0,407.0,44.0,388059.0,237867.0,0.0,0.0
26/02/2021,9.75,4450.0,416.0,47.0,400973.0,239779.0,0.0,0.0
27/02/2021,9.14,4497.0,435.0,49.0,417194.0,241024.0,0.0,0.0
28/02/2021,9.47,4544.0,426.0,37.0,427454.0,241214.0,0.0,0.0
01/03/2021,10.38,4665.0,441.0,42.0,437054.0,241725.0,0.0,0.0
02/03/2021,8.95,4884.0,476.0,55.0,444126.0,242656.0,0.0,0.0
03/03/2021,8.25,5051.0,506.0,60.0,472557.0,249291.0,0.0,0.0
04/03/2021,9.66,5267.0,532.0,59.0,491441.0,256742.0,0.0,0.0
05/03/2021,9.12,5347.0,543.0,61.0,510665.0,265773.0,0.0,0.0
06/03/2021,9.67,5499.0,565.0,67.0,529293.0,273130.0,0.0,0.0
07/03/2021,10.32,5631.0,573.0,33.0,541144.0,276793.0,0.0,0.0
08/03/2021,10.01,5797.0,597.0,52.0,545661.0,278011.0,0.0,0.0
09/03/2021,8.58,6027.0,611.0,63.0,576254.0,287311.0,0.0,0.0
10/03/2021,7.96,6201.0,617.0,70.0,592826.0,291242.0,0.0,0.0
11/03/2021,9.4,6363.0,645.0,81.0,617837.0,298667.0,0.0,0.0
12/03/2021,10.27,6576.0,667.0,89.0,645560.0,307767.0,0.0,0.0
13/03/2021,9.78,6762.0,694.0,66.0,670614.0,318172.0,0.0,0.0
14/03/2021,9.63,6791.0,714.0,61.0,689897.0,324886.0,0.0,0.0
15/03/2021,10.11,6926.0,728.0,79.0,700286.0,328264.0,0.0,0.0
16/03/2021,8.63,7239.0,765.0,81.0,730770.0,340528.0,0.0,0.0
17/03/2021,7.61,7422.0,781.0,79.0,748036.0,350533.0,0.0,0.0
18/03/2021,8.93,7530.0,786.0,92.0,758590.0,357156.0,0.0,0.0
19/03/2021,8.49,7584.0,788.0,80.0,780589.0,373347.0,0.0,0.0
20/03/2021,8.53,7682.0,791.0,78.0,794900.0,381546.0,0.0,0.0
21/03/2021,8.67,7732.0,806.0,90.0,823134.0,393680.0,0.0,0.0
22/03/2021,9.69,7774.0,822.0,77.0,834851.0,396671.0,0.0,0.0
23/03/2021,7.72,8001.0,836.0,99.0,874562.0,412275.0,0.0,0.0
24/03/2021,7.18,8023.0,845.0,110.0,906915.0,423761.0,0.0,0.0
25/03/2021,8.45,7977.0,845.0,100.0,929927.0,430113.0,0.0,0.0
26/03/2021,8.35,7959.0,848.0,100.0,960759.0,441803.0,0.0,0.0
27/03/2021,7.95,7976.0,852.0,102.0,989382.0,454748.0,0.0,0.0
28/03/2021,8.12,7937.0,868.0,75.0,1012969.0,462982.0,0.0,0.0
29/03/2021,8.48,7864.0,870.0,88.0,1034164.0,475144.0,0.0,0.0
30/03/2021,7.39,7971.0,862.0,85.0,1060794.0,490855.0,0.0,0.0
31/03/2021,6.95,7896.0,863.0,100.0,1086461.0,506076.0,0.0,0.0
01/04/2021,7.61,7683.0,860.0,127.0,1113945.0,521390.0,0.0,0.0
02/04/2021,6.86,7560.0,857.0,97.0,1140745.0,537689.0,0.0,0.0
03/04/2021,7.13,7522.0,862.0,97.0,1167910.0,551400.0,0.0,0.0
04/04/2021,7.23,7486.0,864.0,74.0,1186059.0,557580.0,0.0,0.0
05/04/2021,7.83,7484.0,858.0,81.0,1195232.0,563786.0,0.0,0.0
06/04/2021,8.03,7488.0,845.0,53.0,1215321.0,575144.0,0.0,0.0
07/04/2021,5.5,7429.0,834.0,109.0,1228468.0,592116.0,0.0,0.0
08/04/2021,4.67,7331.0,830.0,130.0,1274423.0,607353.0,0.0,0.0
09/04/2021,5.82,7080.0,828.0,92.0,1313880.0,625621.0,0.0,0.0
10/04/2021,5.6,6883.0,824.0,81.0,1350532.0,641158.0,0.0,0.0
11/04/2021,5.57,6710.0,814.0,77.0,1375910.0,650724.0,0.0,0.0
12/04/2021,5.24,6574.0,811.0,62.0,1403353.0,660737.0,0.0,0.0
13/04/2021,5.13,6514.0,787.0,94.0,1414602.0,676201.0,0.0,0.0
14/04/2021,4.26,6370.0,781.0,85.0,1482232.0,690439.0,0.0,0.0
15/04/2021,5.21,6126.0,739.0,65.0,1518270.0,703407.0,0.0,0.0
16/04/2021,5.16,5859.0,728.0,87.0,1546016.0,717903.0,0.0,0.0
17/04/2021,5.07,5624.0,723.0,74.0,1593952.0,730543.0,0.0,0.0
18/04/2021,5.21,5438.0,722.0,64.0,1628318.0,738024.0,0.0,0.0
19/04/2021,5.55,5331.0,708.0,35.0,1665395.0,745210.0,0.0,0.0
20/04/2021,3.56,5314.0,675.0,67.0,1719584.0,755495.0,0.0,0.0
21/04/2021,4.24,5189.0,667.0,72.0,1759627.0,761795.0,0.0,0.0
22/04/2021,4.81,5005.0,653.0,54.0,1835404.0,783846.0,0.0,0.0
23/04/2021,4.92,4829.0,644.0,57.0,1893360.0,800047.0,0.0,0.0
24/04/2021,4.58,4661.0,611.0,49.0,1955311.0,818571.0,0.0,0.0
25/04/2021,5.05,4496.0,610.0,39.0,2001625.0,831331.0,0.0,0.0
26/04/2021,5.13,4425.0,601.0,31.0,2032766.0,833892.0,0.0,0.0
27/04/2021,3.82,4401.0,582.0,54.0,2131073.0,861711.0,0.0,0.0
28/04/2021,4.28,4282.0,575.0,47.0,2195405.0,882980.0,0.0,0.0
29/04/2021,4.5,4154.0,557.0,40.0,2269173.0,911035.0,0.0,0.0
30/04/2021,4.13,4045.0,550.0,41.0,2357480.0,939301.0,0.0,0.0
01/05/2021,3.62,3939.0,536.0,52.0,2441556.0,966924.0,0.0,0.0
02/05/2021,4.25,3832.0,542.0,23.0,2486649.0,1011664.0,0.0,0.0
03/05/2021,4.17,3750.0,535.0,28.0,2549284.0,1033807.0,0.0,0.0
04/05/2021,3.44,3788.0,525.0,41.0,2598037.0,1041446.0,0.0,0.0
05/05/2021,3.1,3707.0,519.0,32.0,2692117.0,1066275.0,0.0,0.0
06/05/2021,3.93,3585.0,513.0,35.0,2761993.0,1085388.0,0.0,0.0
07/05/2021,3.44,3459.0,491.0,25.0,2831171.0,1107419.0,0.0,0.0
08/05/2021,3.02,3340.0,490.0,43.0,2897913.0,1131872.0,0.0,0.0
09/05/2021,3.37,3218.0,492.0,33.0,2957565.0,1151588.0,0.0,0.0
10/05/2021,3.59,3147.0,479.0,23.0,2995617.0,1157136.0,0.0,0.0
11/05/2021,2.32,3010.0,454.0,30.0,3058907.0,1180666.0,0.0,0.0
12/05/2021,2.36,2889.0,448.0,36.0,3136551.0,1222612.0,0.0,0.0
13/05/2021,2.82,2768.0,417.0,13.0,3194368.0,1250839.0,0.0,0.0
14/05/2021,2.64,2662.0,411.0,23.0,3250411.0,1283370.0,0.0,0.0
15/05/2021,2.36,2549.0,390.0,22.0,3301015.0,1317134.0,0.0,0.0
16/05/2021,2.46,2435.0,382.0,18.0,3343428.0,1350173.0,0.0,0.0
17/05/2021,3.24,2399.0,371.0,13.0,3377300.0,1396469.0,0.0,0.0
18/05/2021,1.81,2345.0,353.0,31.0,3405286.0,1461218.0,0.0,0.0
19/05/2021,1.91,2257.0,337.0,25.0,3426572.0,1495613.0,0.0,0.0
20/05/2021,2.27,2071.0,316.0,22.0,3465853.0,1576128.0,0.0,0.0
21/05/2021,1.88,1970.0,308.0,11.0,3491576.0,1643779.0,0.0,0.0
22/05/2021,1.75,1864.0,298.0,13.0,3518742.0,1705128.0,0.0,0.0
23/05/2021,2.16,1774.0,294.0,9.0,3542490.0,1747250.0,0.0,0.0
24/05/2021,1.84,1757.0,284.0,7.0,3566924.0,1792058.0,0.0,0.0
25/05/2021,1.56,1725.0,272.0,17.0,3602887.0,1848847.0,0.0,0.0
26/05/2021,1.58,1642.0,273.0,15.0,3637923.0,1903810.0,0.0,0.0
27/05/2021,1.66,1559.0,260.0,41.0,3674892.0,1963907.0,0.0,0.0
28/05/2021,1.45,1481.0,248.0,29.0,3714902.0,2018329.0,0.0,0.0
29/05/2021,1.38,1374.0,243.0,13.0,3756712.0,2068386.0,0.0,0.0
30/05/2021,1.62,1322.0,246.0,5.0,3794746.0,2112440.0,0.0,0.0
31/05/2021,1.52,1285.0,234.0,13.0,3831000.0,2153818.0,0.0,0.0
01/06/2021,1.29,1293.0,220.0,9.0,3882488.0,2199801.0,0.0,0.0
02/06/2021,1.27,1187.0,207.0,10.0,3936195.0,2228701.0,0.0,0.0
03/06/2021,1.88,1135.0,193.0,7.0,3997273.0,2240716.0,0.0,0.0
04/06/2021,1.18,1122.0,183.0,6.0,4051667.0,2251608.0,0.0,0.0
05/06/2021,1.11,1057.0,170.0,10.0,4180315.0,2283164.0,0.0,0.0
06/06/2021,1.3,1000.0,167.0,16.0,4251592.0,2309267.0,0.0,0.0
07/06/2021,1.12,966.0,167.0,6.0,4323338.0,2329668.0,0.0,0.0
08/06/2021,0.84,962.0,145.0,11.0,4401643.0,2352407.0,0.0,0.0
09/06/2021,0.74,897.0,143.0,10.0,4484531.0,2372661.0,0.0,0.0
10/06/2021,0.99,851.0,130.0,6.0,4568511.0,2391576.0,0.0,0.0
11/06/2021,0.75,782.0,122.0,5.0,4651789.0,2410937.0,0.0,0.0
12/06/2021,0.7,751.0,118.0,13.0,4735884.0,2426973.0,0.0,0.0
13/06/2021,0.96,742.0,114.0,6.0,4815598.0,2430647.0,0.0,0.0
14/06/2021,0.87,705.0,109.0,3.0,4877831.0,2452138.0,0.0,0.0
15/06/2021,0.57,690.0,100.0,8.0,4927670.0,2498533.0,0.0,0.0
16/06/2021,0.73,626.0,92.0,5.0,4972427.0,2539724.0,0.0,0.0
17/06/2021,0.62,586.0,90.0,4.0,5028538.0,2595948.0,0.0,0.0
18/06/2021,0.33,518.0,91.0,2.0,5082226.0,2650900.0,0.0,0.0
19/06/2021,0.42,482.0,80.0,3.0,5138315.0,2701606.0,0.0,0.0
20/06/2021,0.51,485.0,77.0,2.0,5194107.0,2740602.0,0.0,0.0
21/06/2021,0.79,468.0,77.0,4.0,5258409.0,2773529.0,0.0,0.0
22/06/2021,0.46,462.0,73.0,1.0,5337821.0,2805564.0,0.0,0.0
23/06/2021,0.4,422.0,72.0,3.0,5416179.0,2835165.0,0.0,0.0
24/06/2021,0.47,386.0,65.0,4.0,5493630.0,2866021.0,0.0,0.0
25/06/2021,0.4,361.0,63.0,2.0,5562574.0,2893251.0,0.0,0.0
26/06/2021,0.31,333.0,64.0,5.0,5646860.0,2923678.0,0.0,0.0
27/06/2021,0.45,320.0,62.0,2.0,5719325.0,2946501.0,0.0,0.0
28/06/2021,0.49,311.0,61.0,1.0,5786972.0,2971874.0,0.0,0.0
29/06/2021,0.33,300.0,52.0,3.0,5851628.0,3009989.0,0.0,0.0
30/06/2021,0.4,269.0,51.0,2.0,5907597.0,3057303.0,0.0,0.0
01/07/2021,0.38,250.0,49.0,2.0,5944970.0,3083921.0,0.0,0.0
02/07/2021,0.39,242.0,47.0,0.0,5996877.0,3134880.0,0.0,0.0
03/07/2021,0.35,253.0,45.0,3.0,6043230.0,3187812.0,0.0,0.0
04/07/2021,0.51,239.0,44.0,1.0,6098283.0,3267339.0,0.0,0.0
05/07/2021,0.56,208.0,44.0,0.0,6042053.0,3326098.0,0.0,0.0
06/07/2021,0.42,203.0,45.0,5.0,6072343.0,3395940.0,0.0,0.0
07/07/2021,0.31,194.0,44.0,0.0,6093153.0,3475371.0,0.0,0.0
08/07/2021,0.69,177.0,43.0,1.0,6099744.0,3581872.0,0.0,0.0
09/07/2021,0.7,162.0,35.0,3.0,6111340.0,3685157.0,0.0,0.0
10/07/2021,0.58,158.0,37.0,3.0,6123248.0,3786819.0,0.0,0.0
11/07/2021,0.94,161.0,37.0,1.0,6136397.0,3872845.0,0.0,0.0
12/07/2021,1.09,164.0,36.0,1.0,6154285.0,3988513.0,0.0,0.0
13/07/2021,0.82,166.0,35.0,2.0,6164969.0,4049773.0,0.0,0.0
14/07/2021,1.2,155.0,32.0,0.0,6179692.0,4142327.0,0.0,0.0
15/07/2021,1.18,157.0,29.0,0.0,6193241.0,4237383.0,0.0,0.0
16/07/2021,1.15,173.0,30.0,2.0,6205660.0,4332474.0,0.0,0.0
17/07/2021,1.15,167.0,31.0,4.0,6216981.0,4431725.0,0.0,0.0
18/07/2021,1.3,166.0,31.0,1.0,6222501.0,4483111.0,0.0,0.0
19/07/2021,1.79,168.0,30.0,1.0,6234446.0,4611489.0,0.0,0.0
20/07/2021,1.27,167.0,31.0,0.0,6243832.0,4699422.0,0.0,0.0
21/07/2021,1.52,160.0,28.0,3.0,6247844.0,4744708.0,0.0,0.0
22/07/2021,1.53,163.0,28.0,1.0,6256567.0,4831539.0,0.0,0.0
23/07/2021,1.91,169.0,27.0,1.0,6272023.0,4958447.0,0.0,0.0
24/07/2021,1.43,179.0,26.0,0.0,6280055.0,5001771.0,0.0,0.0
25/07/2021,1.64,177.0,27.0,1.0,6291687.0,5126636.0,0.0,0.0
26/07/2021,2.06,179.0,28.0,1.0,6300975.0,5210116.0,0.0,0.0
27/07/2021,1.79,209.0,29.0,1.0,6307483.0,5310663.0,0.0,0.0
28/07/2021,1.88,223.0,29.0,1.0,6316988.0,5401116.0,0.0,0.0
29/07/2021,1.71,236.0,30.0,3.0,6342948.0,5443987.0,0.0,0.0
30/07/2021,1.85,237.0,26.0,1.0,6375114.0,5481217.0,0.0,0.0
31/07/2021,1.97,231.0,25.0,4.0,6423328.0,5529782.0,0.0,0.0
01/08/2021,1.76,235.0,27.0,0.0,6452492.0,5555640.0,0.0,0.0
02/08/2021,3.1,242.0,32.0,0.0,6470402.0,5614135.0,0.0,0.0
03/08/2021,1.63,269.0,32.0,3.0,6480759.0,5659177.0,0.0,0.0
04/08/2021,2.05,279.0,32.0,4.0,6495557.0,5732999.0,0.0,0.0
05/08/2021,2.24,285.0,31.0,1.0,6510086.0,5808442.0,0.0,0.0
06/08/2021,1.67,283.0,35.0,1.0,6520340.0,5847061.0,0.0,0.0
07/08/2021,1.59,294.0,35.0,1.0,6540838.0,5944734.0,0.0,0.0
08/08/2021,1.76,311.0,35.0,1.0,6557224.0,6005193.0,0.0,0.0
09/08/2021,1.82,312.0,37.0,1.0,6575287.0,6049054.0,0.0,0.0
10/08/2021,1.33,318.0,35.0,4.0,6594015.0,6096720.0,0.0,0.0
11/08/2021,2.09,329.0,35.0,2.0,6610216.0,6130438.0,0.0,0.0
12/08/2021,2.06,329.0,37.0,2.0,6635876.0,6176629.0,0.0,0.0
13/08/2021,1.87,332.0,33.0,5.0,6657606.0,6209102.0,0.0,0.0
14/08/2021,1.71,353.0,36.0,4.0,6674590.0,6233124.0,0.0,0.0
15/08/2021,3.41,350.0,42.0,1.0,6682679.0,6241207.0,0.0,0.0
16/08/2021,2.32,351.0,40.0,3.0,6696161.0,6259616.0,0.0,0.0
17/08/2021,1.13,359.0,39.0,2.0,6714587.0,6276710.0,0.0,0.0
18/08/2021,1.62,358.0,39.0,7.0,6726341.0,6286172.0,0.0,0.0
19/08/2021,1.87,351.0,42.0,3.0,6735369.0,6291006.0,0.0,0.0
20/08/2021,1.46,355.0,41.0,3.0,6756458.0,6312283.0,0.0,0.0
21/08/2021,1.4,360.0,41.0,3.0,6768501.0,6323210.0,0.0,0.0
22/08/2021,1.39,352.0,41.0,2.0,6778987.0,6336352.0,0.0,0.0
23/08/2021,1.91,363.0,43.0,0.0,6797524.0,6363221.0,0.0,0.0
24/08/2021,1.24,374.0,45.0,7.0,6813455.0,6379002.0,0.0,0.0
25/08/2021,1.55,383.0,43.0,5.0,6843554.0,6406311.0,0.0,0.0
26/08/2021,1.99,381.0,42.0,6.0,6858324.0,6418436.0,0.0,0.0
27/08/2021,1.67,377.0,44.0,3.0,6877210.0,6433340.0,0.0,0.0
28/08/2021,1.24,373.0,42.0,8.0,6899174.0,6454362.0,0.0,0.0
29/08/2021,1.29,377.0,45.0,5.0,6908752.0,6462791.0,0.0,0.0
30/08/2021,1.47,389.0,48.0,1.0,6931516.0,6477401.0,0.0,0.0
31/08/2021,1.38,398.0,45.0,2.0,6958588.0,6490299.0,0.0,0.0
01/09/2021,1.37,405.0,46.0,6.0,6984429.0,6508251.0,0.0,0.0
02/09/2021,1.37,398.0,50.0,4.0,7025290.0,6538755.0,0.0,0.0
03/09/2021,1.43,403.0,51.0,2.0,7058751.0,6579927.0,0.0,0.0
04/09/2021,1.19,409.0,57.0,2.0,7081309.0,6605911.0,0.0,0.0
05/09/2021,0.73,423.0,58.0,2.0,7101914.0,6634084.0,0.0,0.0
06/09/2021,1.4,431.0,56.0,3.0,7111539.0,6654845.0,0.0,0.0
07/09/2021,0.88,438.0,54.0,1.0,7121905.0,6675365.0,0.0,0.0
08/09/2021,1.3,441.0,55.0,6.0,7133295.0,6706076.0,0.0,0.0
09/09/2021,1.29,453.0,58.0,2.0,7150539.0,6762234.0,0.0,0.0
10/09/2021,1.2,450.0,59.0,2.0,7162545.0,6805672.0,0.0,0.0
11/09/2021,1.01,461.0,59.0,3.0,7173497.0,6844370.0,0.0,0.0
12/09/2021,0.92,472.0,60.0,3.0,7190067.0,6879017.0,0.0,0.0
13/09/2021,1.47,478.0,62.0,3.0,7194911.0,6886891.0,0.0,0.0
14/09/2021,0.74,496.0,60.0,6.0,7201682.0,6917607.0,0.0,0.0
15/09/2021,1.24,494.0,59.0,6.0,7211795.0,6958070.0,0.0,0.0
16/09/2021,1.1,494.0,57.0,9.0,7219647.0,6982467.0,0.0,0.0
17/09/2021,0.9,486.0,59.0,2.0,7222259.0,6989878.0,0.0,0.0
18/09/2021,1.02,495.0,57.0,2.0,7239434.0,7024186.0,0.0,0.0
19/09/2021,0.71,487.0,59.0,1.0,7250826.0,7041585.0,0.0,0.0
20/09/2021,0.98,498.0,63.0,1.0,7257004.0,7047188.0,2019.0,0.0
21/09/2021,0.77,499.0,62.0,9.0,7268108.0,7087070.0,4278.0,0.0
22/09/2021,0.82,480.0,63.0,4.0,7280561.0,7120150.0,6324.0,0.0
23/09/2021,0.82,473.0,61.0,3.0,7293598.0,7148916.0,7270.0,0.0
24/09/2021,0.91,474.0,60.0,5.0,7311830.0,7188110.0,8107.0,0.0
25/09/2021,0.72,459.0,58.0,8.0,7319637.0,7199841.0,8340.0,0.0
26/09/2021,0.55,440.0,61.0,10.0,7336675.0,7234251.0,8437.0,0.0
27/09/2021,0.93,451.0,62.0,4.0,7346662.0,7252312.0,9159.0,0.0
28/09/2021,0.54,449.0,56.0,6.0,7358174.0,7272233.0,10099.0,0.0
29/09/2021,0.8,442.0,58.0,5.0,7363467.0,7288975.0,10982.0,0.0
30/09/2021,0.69,437.0,57.0,4.0,7374857.0,7304784.0,11736.0,0.0
01/10/2021,0.72,426.0,54.0,8.0,7385258.0,7318417.0,12633.0,0.0
02/10/2021,0.54,423.0,58.0,1.0,7394892.0,7331893.0,13239.0,0.0
03/10/2021,0.58,416.0,57.0,4.0,7402135.0,7342490.0,13506.0,0.0
04/10/2021,0.68,403.0,56.0,6.0,7405166.0,7345159.0,18169.0,0.0
05/10/2021,0.47,417.0,59.0,7.0,7416057.0,7360968.0,23113.0,0.0
06/10/2021,0.82,414.0,63.0,2.0,7423788.0,7369663.0,27466.0,0.0
07/10/2021,0.53,412.0,63.0,6.0,7431550.0,7378841.0,31556.0,0.0
08/10/2021,0.59,394.0,60.0,3.0,7441725.0,7388496.0,35190.0,0.0
09/10/2021,0.44,396.0,57.0,5.0,7446413.0,7400334.0,38542.0,0.0
10/10/2021,0.49,387.0,54.0,2.0,7450410.0,7404685.0,40296.0,0.0
11/10/2021,0.57,380.0,55.0,5.0,7453047.0,7410134.0,45588.0,0.0
12/10/2021,0.5,389.0,56.0,3.0,7455819.0,7413673.0,51854.0,0.0
13/10/2021,0.58,374.0,59.0,5.0,7470592.0,7444359.0,57858.0,0.0
14/10/2021,0.41,354.0,54.0,10.0,7479148.0,7458355.0,64042.0,0.0
15/10/2021,0.27,353.0,56.0,4.0,7487719.0,7470828.0,70407.0,0.0
16/10/2021,0.41,342.0,55.0,0.0,7495422.0,7483381.0,74666.0,0.0
17/10/2021,0.33,341.0,52.0,2.0,7500406.0,7491859.0,76567.0,0.0
18/10/2021,0.34,340.0,52.0,5.0,7504359.0,7502201.0,84684.0,0.0
19/10/2021,0.28,336.0,53.0,7.0,7509730.0,7517230.0,95725.0,0.0
20/10/2021,0.46,335.0,55.0,4.0,7514645.0,7529764.0,110269.0,0.0
21/10/2021,0.3,329.0,53.0,1.0,7519343.0,7541336.0,124937.0,0.0
22/10/2021,0.39,325.0,51.0,4.0,7524068.0,7552055.0,139074.0,0.0
23/10/2021,0.38,330.0,49.0,2.0,7528280.0,7562767.0,147352.0,0.0
24/10/2021,0.42,324.0,48.0,4.0,7530459.0,7568936.0,150998.0,0.0
25/10/2021,0.36,328.0,48.0,1.0,7532446.0,7575021.0,167147.0,0.0
26/10/2021,0.33,350.0,49.0,3.0,7536012.0,7585300.0,186077.0,0.0
27/10/2021,0.53,360.0,48.0,0.0,7539157.0,7593393.0,206251.0,0.0
28/10/2021,0.44,345.0,45.0,3.0,7541941.0,7601320.0,226699.0,0.0
29/10/2021,0.52,343.0,46.0,4.0,7544396.0,7609277.0,246335.0,0.0
30/10/2021,0.58,346.0,44.0,3.0,7546703.0,7616631.0,256711.0,0.0
31/10/2021,0.55,339.0,45.0,4.0,7548043.0,7620719.0,260076.0,0.0
01/11/2021,0.63,333.0,45.0,3.0,7548782.0,7623233.0,268245.0,0.0
02/11/2021,0.5,341.0,48.0,0.0,7550401.0,7628820.0,288051.0,0.0
03/11/2021,0.48,366.0,49.0,10.0,7552888.0,7636050.0,310841.0,0.0
04/11/2021,0.7,379.0,49.0,15.0,7554769.0,7642240.0,333783.0,0.0
05/11/2021,0.73,384.0,48.0,7.0,7557650.0,7651203.0,357325.0,0.0
06/11/2021,0.85,379.0,47.0,4.0,7558926.0,7653293.0,370871.0,0.0
07/11/2021,0.74,385.0,47.0,3.0,7560715.0,7658624.0,375739.0,0.0
08/11/2021,0.85,394.0,46.0,0.0,7562654.0,7665347.0,400186.0,0.0
09/11/2021,0.59,426.0,47.0,4.0,7563804.0,7667947.0,426899.0,0.0
10/11/2021,1.1,444.0,42.0,5.0,7566101.0,7674733.0,453605.0,0.0
11/11/2021,0.81,454.0,45.0,6.0,7568824.0,7681381.0,479728.0,0.0
12/11/2021,1.11,483.0,49.0,6.0,7571334.0,7687736.0,506190.0,0.0
13/11/2021,1.15,481.0,51.0,13.0,7573671.0,7693849.0,506190.0,0.0
14/11/2021,1.03,491.0,50.0,5.0,7575558.0,7698990.0,523123.0,0.0
15/11/2021,1.37,510.0,50.0,3.0,7576237.0,7700358.0,528772.0,0.0
16/11/2021,0.95,575.0,51.0,5.0,7578622.0,7706403.0,559714.0,0.0
17/11/2021,1.74,609.0,53.0,13.0,7580860.0,7711778.0,593619.0,0.0
18/11/2021,1.26,640.0,56.0,8.0,7583152.0,7716953.0,626910.0,0.0
19/11/2021,1.65,680.0,57.0,4.0,7585530.0,7722405.0,661646.0,0.0
20/11/2021,1.63,714.0,58.0,5.0,7587880.0,7727615.0,695169.0,0.0
21/11/2021,1.34,727.0,61.0,2.0,7590150.0,7733095.0,725308.0,0.0
22/11/2021,1.6,751.0,65.0,11.0,7592015.0,7736962.0,748604.0,0.0
23/11/2021,1.09,803.0,67.0,7.0,7628540.0,7713119.0,790910.0,0.0
24/11/2021,1.94,801.0,72.0,13.0,7628977.0,7715117.0,845863.0,0.0
25/11/2021,1.6,814.0,74.0,12.0,7631437.0,7718844.0,887114.0,0.0
26/11/2021,1.92,848.0,81.0,7.0,7638758.0,7726739.0,975158.0,0.0
27/11/2021,1.52,864.0,90.0,14.0,7638758.0,7726739.0,975158.0,0.0
28/11/2021,2.2,880.0,91.0,5.0,7641406.0,7729468.0,1012737.0,0.0
29/11/2021,1.93,916.0,99.0,8.0,7642424.0,7729037.0,1027034.0,0.0
30/11/2021,1.36,951.0,103.0,15.0,7646453.0,7733951.0,1080775.0,0.0
01/12/2021,2.07,995.0,108.0,24.0,7650297.0,7734167.0,1151102.0,0.0
02/12/2021,1.78,1004.0,111.0,17.0,7653953.0,7738974.0,1210685.0,0.0
03/12/2021,2.25,1026.0,114.0,15.0,7657599.0,7742040.0,1284461.0,0.0
04/12/2021,2.18,1045.0,121.0,19.0,7661273.0,7744720.0,1362167.0,0.0
05/12/2021,2.16,1079.0,124.0,8.0,7664852.0,7746822.0,1435613.0,0.0
06/12/2021,2.28,1111.0,125.0,15.0,7667243.0,7746847.0,1490566.0,0.0
07/12/2021,1.95,1175.0,134.0,9.0,7672127.0,7751180.0,1573270.0,0.0
08/12/2021,3.0,1202.0,136.0,25.0,7676582.0,7753074.0,1658374.0,0.0
09/12/2021,2.96,1220.0,136.0,20.0,7678729.0,7752417.0,1717146.0,0.0
10/12/2021,2.16,1263.0,139.0,21.0,7682936.0,7758001.0,1804498.0,0.0
11/12/2021,3.56,1272.0,140.0,21.0,7687262.0,7760838.0,1896022.0,0.0
12/12/2021,3.0,1251.0,143.0,10.0,7691035.0,7762143.0,1983661.0,0.0
13/12/2021,2.77,1278.0,143.0,23.0,7693357.0,7762087.0,2045875.0,0.0
14/12/2021,2.22,1331.0,146.0,20.0,7697415.0,7765787.0,2140340.0,0.0
15/12/2021,3.54,1334.0,145.0,29.0,7701659.0,7767959.0,2238062.0,0.0
16/12/2021,3.26,1331.0,146.0,20.0,7705089.0,7771617.0,2332561.0,0.0
17/12/2021,3.82,1340.0,147.0,26.0,7712255.0,7772032.0,2433219.0,0.0
18/12/2021,4.09,1377.0,154.0,24.0,7719242.0,7774255.0,2529824.0,0.0
19/12/2021,4.06,1385.0,160.0,18.0,7729159.0,7775674.0,2611459.0,0.0
20/12/2021,4.52,1420.0,163.0,40.0,7739997.0,7775922.0,2676736.0,0.0
21/12/2021,4.08,1468.0,161.0,17.0,7748585.0,7779843.0,2783498.0,0.0
22/12/2021,5.79,1516.0,164.0,21.0,7754956.0,7782211.0,2874704.0,0.0
23/12/2021,6.27,1570.0,162.0,45.0,7763321.0,7784654.0,2983782.0,0.0
24/12/2021,7.7,1568.0,168.0,28.0,7771858.0,7788555.0,3077989.0,0.0
25/12/2021,7.87,1579.0,178.0,38.0,7775053.0,7788776.0,3130426.0,0.0
26/12/2021,13.22,1619.0,180.0,15.0,7775287.0,7788635.0,3133980.0,0.0
27/12/2021,11.45,1726.0,187.0,12.0,7779896.0,7789380.0,3176004.0,0.0
28/12/2021,12.82,1891.0,193.0,28.0,7789095.0,7793860.0,3269273.0,0.0
29/12/2021,15.59,2022.0,191.0,28.0,7798361.0,7798053.0,3370290.0,0.0
30/12/2021,17.09,2035.0,204.0,36.0,7807893.0,7801024.0,3470673.0,0.0
31/12/2021,18.1,2080.0,221.0,37.0,7817129.0,7803753.0,3566652.0,0.0
01/01/2022,18.62,2167.0,222.0,14.0,7821162.0,7804465.0,3622837.0,0.0
02/01/2022,23.6,2268.0,216.0,45.0,7822128.0,7804542.0,3631918.0,0.0
03/01/2022,19.9,2366.0,219.0,19.0,7829737.0,7806274.0,3681699.0,0.0
04/01/2022,20.96,2546.0,234.0,34.0,7838547.0,7811744.0,3771080.0,0.0
05/01/2022,24.03,2646.0,226.0,47.0,7847544.0,7815987.0,3862801.0,0.0
06/01/2022,22.87,2748.0,229.0,46.0,7855672.0,7819343.0,3955995.0,0.0
07/01/2022,24.91,2858.0,234.0,59.0,7860806.0,7821383.0,4008026.0,0.0
08/01/2022,20.66,2844.0,237.0,20.0,7870010.0,7826087.0,4095438.0,0.0
09/01/2022,19.3,3131.0,244.0,38.0,7881468.0,7828652.0,4180212.0,0.0
10/01/2022,20.36,3245.0,246.0,61.0,7901589.0,7849608.0,4238781.0,0.0
11/01/2022,17.18,3458.0,256.0,55.0,7911793.0,7858280.0,4336228.0,0.0
12/01/2022,18.39,3570.0,253.0,91.0,7922855.0,7865774.0,4432960.0,0.0
13/01/2022,16.72,3709.0,257.0,52.0,7933148.0,7872936.0,4528725.0,0.0
14/01/2022,15.81,3731.0,262.0,115.0,7942382.0,7880914.0,4623465.0,0.0
15/01/2022,14.47,3761.0,258.0,77.0,7952142.0,7887608.0,4720381.0,0.0
16/01/2022,14.35,3834.0,268.0,57.0,7967805.0,7891505.0,4813384.0,0.0
17/01/2022,14.38,3916.0,267.0,81.0,7980637.0,7896172.0,4870393.0,0.0
18/01/2022,11.85,3971.0,267.0,64.0,7988359.0,7904080.0,4960835.0,0.0
19/01/2022,16.37,3943.0,265.0,70.0,7996357.0,7911743.0,5048741.0,0.0
20/01/2022,21.99,3990.0,271.0,131.0,8002365.0,7919339.0,5133762.0,0.0
21/01/2022,16.15,3779.0,276.0,121.0,8008447.0,7926643.0,5220168.0,0.0
22/01/2022,14.56,3735.0,274.0,82.0,8014408.0,7932281.0,5305837.0,0.0
23/01/2022,13.34,3663.0,267.0,67.0,8024407.0,7936134.0,5395183.0,0.0
24/01/2022,12.48,3681.0,265.0,87.0,8031852.0,7941853.0,5448161.0,0.0
25/01/2022,11.21,3675.0,264.0,70.0,8036803.0,7949892.0,5529827.0,0.0
26/01/2022,13.37,3664.0,259.0,74.0,8041677.0,7958087.0,5613257.0,0.0
27/01/2022,13.96,3518.0,254.0,123.0,8045729.0,7965463.0,5692570.0,0.0
28/01/2022,12.13,3416.0,252.0,77.0,8050240.0,7971528.0,5769660.0,0.0
29/01/2022,11.1,3326.0,254.0,88.0,8054641.0,7979342.0,5847492.0,0.0
30/01/2022,9.88,3258.0,254.0,62.0,8064635.0,7989891.0,5929868.0,0.0
31/01/2022,8.98,3267.0,251.0,76.0,8072000.0,7998985.0,5973333.0,0.0
01/02/2022,8.39,3279.0,235.0,57.0,8075753.0,8007680.0,6039326.0,0.0
02/02/2022,10.19,3199.0,229.0,50.0,8078752.0,8016297.0,6091684.0,0.0
03/02/2022,10.28,3117.0,218.0,125.0,8080792.0,8026104.0,6146598.0,0.0
04/02/2022,8.48,3030.0,216.0,77.0,8082947.0,8033651.0,6193352.0,0.0
05/02/2022,8.63,2870.0,214.0,76.0,8085867.0,8043284.0,6240441.0,0.0
06/02/2022,7.86,2795.0,213.0,74.0,8090381.0,8057176.0,6288143.0,0.0
07/02/2022,6.96,2765.0,207.0,70.0,8093438.0,8068924.0,6308629.0,0.0
08/02/2022,7.63,2716.0,197.0,50.0,8095057.0,8078211.0,6344440.0,0.0
09/02/2022,8.91,2585.0,192.0,29.0,8096512.0,8087509.0,6377173.0,0.0
10/02/2022,8.15,2454.0,182.0,75.0,8097145.0,8094822.0,6405765.0,0.0
11/02/2022,7.98,2335.0,174.0,60.0,8098576.0,8101920.0,6434380.0,0.0
12/02/2022,7.75,2221.0,173.0,45.0,8100201.0,8109591.0,6465041.0,0.0
13/02/2022,8.22,2104.0,170.0,27.0,8101343.0,8118359.0,6487866.0,0.0
14/02/2022,7.01,2075.0,162.0,77.0,8102521.0,8126358.0,6499102.0,0.0
15/02/2022,7.2,2038.0,166.0,33.0,8103828.0,8135741.0,6527972.0,0.0
16/02/2022,7.51,1918.0,162.0,18.0,8104804.0,8141593.0,6550568.0,0.0
17/02/2022,7.74,1807.0,158.0,51.0,8104744.0,8147554.0,6569539.0,0.0
18/02/2022,7.59,1678.0,155.0,59.0,8105241.0,8152858.0,6588928.0,0.0
19/02/2022,7.55,1547.0,156.0,49.0,8105831.0,8158681.0,6610192.0,0.0
20/02/2022,8.5,1481.0,152.0,29.0,8106922.0,8168553.0,6632592.0,0.0
21/02/2022,7.58,1483.0,143.0,37.0,8107273.0,8175302.0,6641464.0,0.0
22/02/2022,7.36,1409.0,137.0,53.0,8107794.0,8180639.0,6661052.0,0.0
23/02/2022,7.6,1331.0,130.0,18.0,8108257.0,8184539.0,6678255.0,0.0
24/02/2022,6.85,1306.0,110.0,45.0,8108525.0,8187596.0,6692482.0,0.0
25/02/2022,7.25,1290.0,103.0,50.0,8108830.0,8190243.0,6706968.0,0.0
26/02/2022,7.21,1201.0,98.0,19.0,8109177.0,8194004.0,6724210.0,0.0
27/02/2022,7.36,1156.0,97.0,43.0,8109931.0,8200022.0,6743786.0,0.0
28/02/2022,6.88,1149.0,97.0,23.0,8110215.0,8203827.0,6751586.0,0.0
01/03/2022,6.71,1104.0,97.0,28.0,8110941.0,8207058.0,6767718.0,0.0
02/03/2022,7.1,1078.0,98.0,23.0,8111744.0,8209160.0,6777868.0,0.0
03/03/2022,6.53,1041.0,90.0,35.0,8112223.0,8210906.0,6786732.0,0.0
04/03/2022,7.74,983.0,89.0,37.0,8112732.0,8212311.0,6796088.0,0.0
05/03/2022,7.52,930.0,81.0,32.0,8113167.0,8214482.0,6807699.0,0.0
06/03/2022,8.42,903.0,82.0,34.0,8113769.0,8218397.0,6821359.0,0.0
07/03/2022,8.11,903.0,82.0,30.0,8113899.0,8219586.0,6826104.0,0.0
08/03/2022,7.83,902.0,81.0,9.0,8114220.0,8221091.0,6836827.0,0.0
09/03/2022,8.75,873.0,79.0,14.0,8114559.0,8222269.0,6846127.0,0.0
10/03/2022,8.43,848.0,72.0,25.0,8114860.0,8223311.0,6854535.0,0.0
11/03/2022,9.75,856.0,73.0,19.0,8115211.0,8224372.0,6863202.0,0.0
12/03/2022,9.41,848.0,72.0,32.0,8115649.0,8225858.0,6874244.0,0.0
13/03/2022,10.4,835.0,73.0,18.0,8116249.0,8227572.0,6887596.0,0.0
14/03/2022,10.77,859.0,73.0,13.0,8116500.0,8228316.0,6891917.0,0.0
15/03/2022,10.44,902.0,73.0,14.0,8116930.0,8229526.0,6901116.0,0.0
16/03/2022,11.22,880.0,71.0,11.0,8117258.0,8230389.0,6909189.0,0.0
17/03/2022,11.07,902.0,58.0,23.0,8117581.0,8231094.0,6916263.0,0.0
18/03/2022,12.55,916.0,58.0,26.0,8117944.0,8231797.0,6924106.0,0.0
19/03/2022,11.99,938.0,58.0,17.0,8118350.0,8232948.0,6933320.0,0.0
20/03/2022,12.67,931.0,57.0,17.0,8118911.0,8234041.0,6944698.0,0.0
21/03/2022,11.18,956.0,52.0,15.0,8119062.0,8234356.0,6947047.0,0.0
22/03/2022,11.88,979.0,45.0,17.0,8119370.0,8235290.0,6955207.0,0.0
23/03/2022,12.16,987.0,47.0,15.0,8119403.0,8235724.0,6961562.0,0.0
24/03/2022,11.9,1006.0,41.0,34.0,8119420.0,8236222.0,6967636.0,0.0
25/03/2022,12.51,999.0,43.0,21.0,8120267.0,8237468.0,6974273.0,0.0
26/03/2022,12.44,960.0,45.0,13.0,8120528.0,8238300.0,6982078.0,0.0
27/03/2022,12.88,972.0,44.0,14.0,8120971.0,8239369.0,6991503.0,0.0
28/03/2022,11.57,1014.0,47.0,8.0,8121108.0,8239780.0,6993600.0,0.0
29/03/2022,12.61,1056.0,46.0,21.0,8121367.0,8240483.0,7000100.0,0.0
30/03/2022,12.76,1079.0,43.0,23.0,8121607.0,8240979.0,7006296.0,0.0
31/03/2022,12.17,1081.0,41.0,20.0,8121891.0,8241459.0,7012017.0,0.0
01/04/2022,12.66,1112.0,42.0,7.0,8122089.0,8241909.0,7017264.0,0.0
02/04/2022,13.19,1118.0,40.0,12.0,8122266.0,8242367.0,7022967.0,0.0
03/04/2022,12.15,1125.0,44.0,35.0,8122562.0,8243058.0,7029323.0,0.0
04/04/2022,10.36,1152.0,45.0,14.0,8122632.0,8243244.0,7030606.0,0.0
05/04/2022,12.5,1198.0,39.0,18.0,8122821.0,8243885.0,7035252.0,0.0
06/04/2022,13.37,1179.0,35.0,12.0,8123074.0,8244397.0,7041563.0,0.0
07/04/2022,12.86,1128.0,40.0,29.0,8123107.0,8244625.0,7043908.0,0.0
08/04/2022,13.67,1143.0,42.0,35.0,8123246.0,8245001.0,7048279.0,0.0
09/04/2022,13.1,1147.0,39.0,17.0,8123391.0,8245575.0,7053603.0,0.0
10/04/2022,12.77,1122.0,43.0,21.0,8123642.0,8246212.0,7060417.0,0.0
11/04/2022,11.48,1146.0,42.0,13.0,8123790.0,8246577.0,7063630.0,0.0
12/04/2022,12.88,1148.0,43.0,26.0,8123821.0,8246943.0,7066228.0,0.0
13/04/2022,12.92,1189.0,40.0,15.0,8123928.0,8247192.0,7070366.0,0.0
14/04/2022,12.3,1163.0,38.0,25.0,8124030.0,8247551.0,7074610.0,0.0
15/04/2022,13.96,1155.0,37.0,23.0,8124207.0,8247901.0,7079140.0,0.0
16/04/2022,12.7,1161.0,35.0,34.0,8124325.0,8248298.0,7083352.0,0.0
17/04/2022,12.74,1141.0,36.0,29.0,8124422.0,8248581.0,7086513.0,0.0
18/04/2022,12.53,1152.0,36.0,28.0,8124403.0,8248567.0,7086554.0,0.0
19/04/2022,10.65,1182.0,35.0,4.0,8124394.0,8248581.0,7086791.0,0.0
20/04/2022,14.2,1207.0,38.0,24.0,8124571.0,8249198.0,7090813.0,0.0
21/04/2022,13.94,1235.0,39.0,30.0,8124683.0,8249569.0,7094773.0,0.0
22/04/2022,14.01,1240.0,37.0,36.0,8124771.0,8249885.0,7098111.0,0.0
23/04/2022,14.1,1215.0,37.0,43.0,8124913.0,8250225.0,7101977.0,0.0
24/04/2022,13.02,1197.0,39.0,23.0,8125086.0,8250695.0,7105990.0,0.0
25/04/2022,12.26,1213.0,42.0,18.0,8125095.0,8250838.0,7106610.0,0.0
26/04/2022,11.62,1252.0,37.0,22.0,8125082.0,8250872.0,7107037.0,0.0
27/04/2022,13.85,1286.0,35.0,26.0,8125231.0,8251322.0,7110090.0,0.0
28/04/2022,13.14,1296.0,35.0,9.0,8125315.0,8251501.0,7112941.0,0.0
29/04/2022,12.82,1267.0,34.0,26.0,8125382.0,8251726.0,7115451.0,0.0
30/04/2022,12.52,1260.0,33.0,20.0,8125493.0,8251947.0,7118157.0,0.0
01/05/2022,12.83,1219.0,36.0,45.0,8125633.0,8252312.0,7121265.0,0.0
02/05/2022,12.51,1212.0,35.0,31.0,8125620.0,8252309.0,7121438.0,0.0
03/05/2022,16.13,1210.0,34.0,22.0,8125696.0,8252550.0,7123346.0,0.0
04/05/2022,12.87,1226.0,36.0,10.0,8125749.0,8252725.0,7125233.0,0.0
05/05/2022,13.85,1216.0,37.0,22.0,8125788.0,8252791.0,7126055.0,0.0
06/05/2022,14.05,1185.0,36.0,29.0,8125913.0,8253116.0,7128698.0,0.0
07/05/2022,12.66,1165.0,34.0,15.0,8125959.0,8253318.0,7130806.0,0.0
08/05/2022,9.69,1134.0,35.0,22.0,8126061.0,8253546.0,7133174.0,0.0
09/05/2022,14.71,1132.0,38.0,21.0,8126066.0,8253603.0,7133510.0,0.0
10/05/2022,15.25,1122.0,36.0,34.0,8126130.0,8253698.0,7135364.0,0.0
11/05/2022,13.69,1081.0,37.0,12.0,8126205.0,8253893.0,7137129.0,0.0
12/05/2022,13.67,1023.0,35.0,24.0,8126252.0,8254064.0,7139040.0,0.0
13/05/2022,14.07,989.0,36.0,20.0,8126314.0,8254178.0,7140791.0,0.0
14/05/2022,12.74,969.0,39.0,21.0,8126335.0,8254378.0,7142750.0,0.0
15/05/2022,12.27,928.0,38.0,23.0,8126457.0,8254606.0,7145291.0,0.0
16/05/2022,11.33,916.0,40.0,19.0,8126482.0,8254645.0,7145682.0,0.0
17/05/2022,12.51,949.0,37.0,26.0,8126524.0,8254714.0,7147491.0,0.0
18/05/2022,10.4,949.0,35.0,11.0,8126628.0,8254871.0,7149125.0,0.0
19/05/2022,10.96,900.0,37.0,27.0,8126701.0,8255020.0,7150893.0,0.0
20/05/2022,10.56,865.0,35.0,15.0,8126755.0,8255141.0,7152493.0,0.0
21/05/2022,9.91,830.0,32.0,24.0,8126721.0,8255120.0,7152508.0,0.0
22/05/2022,8.98,804.0,34.0,4.0,8126721.0,8255120.0,7152508.0,0.0
23/05/2022,8.51,778.0,34.0,4.0,8126721.0,8255120.0,7152508.0,0.0
24/05/2022,9.71,785.0,36.0,6.0,8126946.0,8255688.0,7158643.0,0.0
25/05/2022,8.65,813.0,34.0,31.0,8127000.0,8255809.0,7160335.0,0.0
26/05/2022,8.63,752.0,32.0,27.0,8127023.0,8256042.0,7162144.0,0.0
27/05/2022,8.09,733.0,33.0,21.0,8127084.0,8256163.0,7163882.0,0.0
28/05/2022,8.05,703.0,33.0,14.0,8127100.0,8256322.0,7165950.0,0.0
29/05/2022,8.19,643.0,35.0,9.0,8127158.0,8256485.0,7168154.0,0.0
30/05/2022,7.27,650.0,35.0,17.0,8127161.0,8256525.0,7168542.0,0.0
31/05/2022,8.8,648.0,35.0,6.0,8127218.0,8256655.0,7170321.0,0.0
01/06/2022,7.93,607.0,32.0,5.0,8127265.0,8256762.0,7171899.0,0.0
02/06/2022,8.64,567.0,34.0,17.0,8127323.0,8256881.0,7173782.0,0.0
03/06/2022,7.56,552.0,34.0,6.0,8127312.0,8256857.0,7173844.0,0.0
04/06/2022,11.23,532.0,35.0,11.0,8127353.0,8257028.0,7175565.0,0.0
05/06/2022,9.87,510.0,34.0,2.0,8127405.0,8257165.0,7177216.0,0.0
06/06/2022,8.95,516.0,31.0,13.0,8127394.0,8257152.0,7177255.0,0.0
07/06/2022,11.98,523.0,30.0,8.0,8127447.0,8257259.0,7178815.0,0.0
08/06/2022,11.18,513.0,27.0,5.0,8127505.0,8257369.0,7180445.0,0.0
09/06/2022,12.34,494.0,20.0,22.0,8127560.0,8257487.0,7182119.0,0.0
10/06/2022,12.61,478.0,20.0,11.0,8127589.0,8257613.0,7183729.0,0.0
11/06/2022,11.66,457.0,21.0,11.0,8127633.0,8257726.0,7185539.0,0.0
12/06/2022,11.63,448.0,20.0,12.0,8127700.0,8257862.0,7187643.0,0.0
13/06/2022,12.13,466.0,21.0,6.0,8127695.0,8257848.0,7187746.0,0.0
14/06/2022,16.42,494.0,20.0,15.0,8127729.0,8257969.0,7189306.0,0.0
15/06/2022,15.53,512.0,19.0,0.0,8127763.0,8258058.0,7190969.0,0.0
16/06/2022,18.24,523.0,18.0,7.0,8127785.0,8258186.0,7192624.0,0.0
17/06/2022,17.9,543.0,17.0,6.0,8127846.0,8258282.0,7194102.0,0.0
18/06/2022,17.69,567.0,17.0,7.0,8127888.0,8258361.0,7195711.0,0.0
19/06/2022,18.32,572.0,16.0,4.0,8127937.0,8258503.0,7197655.0,0.0
20/06/2022,18.19,605.0,16.0,12.0,8127931.0,8258508.0,7197721.0,0.0
21/06/2022,22.2,654.0,16.0,9.0,8127969.0,8258611.0,7199130.0,0.0
22/06/2022,22.65,693.0,18.0,2.0,8128014.0,8258682.0,7200708.0,0.0
23/06/2022,22.33,707.0,18.0,15.0,8128040.0,8258710.0,7201475.0,0.0
24/06/2022,22.99,719.0,17.0,8.0,8128111.0,8258890.0,7203800.0,0.0
25/06/2022,21.07,730.0,15.0,12.0,8128170.0,8258966.0,7205549.0,0.0
26/06/2022,22.6,756.0,15.0,14.0,8128252.0,8259094.0,7207724.0,0.0
27/06/2022,22.88,794.0,14.0,11.0,8128250.0,8259090.0,7207822.0,0.0
28/06/2022,11.23,854.0,17.0,9.0,8128312.0,8259210.0,7209627.0,0.0
29/06/2022,29.76,875.0,21.0,9.0,8128374.0,8259295.0,7211334.0,0.0
30/06/2022,25.92,933.0,24.0,13.0,8128442.0,8259387.0,7213180.0,0.0
01/07/2022,25.14,999.0,24.0,15.0,8128495.0,8259468.0,7214904.0,0.0
02/07/2022,23.35,1031.0,24.0,8.0,8128541.0,8259537.0,7216672.0,0.0
03/07/2022,23.61,1026.0,24.0,23.0,8128611.0,8259636.0,7218526.0,0.0
04/07/2022,22.83,1052.0,25.0,4.0,8128592.0,8259622.0,7218573.0,0.0
05/07/2022,26.23,1129.0,26.0,7.0,8128651.0,8259719.0,7220202.0,0.0
06/07/2022,25.93,1200.0,29.0,12.0,8128709.0,8259796.0,7221813.0,0.0
07/07/2022,25.76,1241.0,26.0,17.0,8128748.0,8259871.0,7223564.0,0.0
08/07/2022,24.53,1244.0,25.0,8.0,8128777.0,8259931.0,7225114.0,0.0
09/07/2022,23.21,1290.0,27.0,29.0,8128820.0,8260026.0,7227112.0,0.0
10/07/2022,22.9,1307.0,28.0,5.0,8128912.0,8260130.0,7229197.0,0.0
11/07/2022,23.61,1335.0,29.0,31.0,8128908.0,8260136.0,7229247.0,0.0
12/07/2022,25.54,1419.0,36.0,15.0,8128997.0,8260224.0,7230926.0,0.0
13/07/2022,25.71,1446.0,40.0,14.0,8129070.0,8260295.0,7232844.0,0.0
14/07/2022,25.36,1497.0,42.0,29.0,8129129.0,8260368.0,7234976.0,0.0
15/07/2022,24.37,1526.0,44.0,27.0,8129191.0,8260459.0,7236505.0,0.0
16/07/2022,21.83,1548.0,42.0,30.0,8129276.0,8260546.0,7238651.0,0.0
17/07/2022,21.5,1566.0,40.0,27.0,8129372.0,8260651.0,7240975.0,0.0
18/07/2022,21.86,1578.0,40.0,12.0,8129363.0,8260640.0,7241016.0,0.0
19/07/2022,22.57,1581.0,38.0,28.0,8129427.0,8260763.0,7242714.0,0.0
20/07/2022,23.01,1612.0,39.0,15.0,8129487.0,8260837.0,7244510.0,0.0
21/07/2022,21.23,1581.0,41.0,42.0,8129476.0,8260903.0,7246483.0,0.0
22/07/2022,19.24,1565.0,41.0,31.0,8129555.0,8261006.0,7248574.0,0.0
23/07/2022,18.03,1538.0,48.0,34.0,8129560.0,8261062.0,7250772.0,0.0
24/07/2022,17.54,1543.0,48.0,28.0,8129621.0,8261143.0,7252996.0,0.0
25/07/2022,17.85,1574.0,48.0,13.0,8129596.0,8261128.0,7253051.0,0.0
26/07/2022,20.14,1632.0,55.0,70.0,8129659.0,8261233.0,7254765.0,0.0
27/07/2022,18.35,1608.0,58.0,23.0,8129722.0,8261305.0,7256629.0,0.0
28/07/2022,18.26,1578.0,49.0,37.0,8129738.0,8261316.0,7257386.0,0.0
29/07/2022,17.3,1555.0,52.0,46.0,8129888.0,8261480.0,7260128.0,0.0
30/07/2022,15.61,1501.0,53.0,26.0,8129880.0,8261525.0,7261903.0,0.0
31/07/2022,15.93,1467.0,51.0,24.0,8129945.0,8261606.0,7263723.0,0.0
01/08/2022,14.8,1452.0,53.0,25.0,8129934.0,8261622.0,7263811.0,0.0
02/08/2022,17.3,1425.0,50.0,29.0,8129998.0,8261689.0,7265324.0,0.0
03/08/2022,15.59,1395.0,47.0,20.0,8130093.0,8261800.0,7266799.0,0.0
04/08/2022,15.46,1330.0,36.0,31.0,8130043.0,8261865.0,7267907.0,0.0
05/08/2022,15.0,1246.0,36.0,44.0,8130084.0,8261960.0,7268959.0,0.0
06/08/2022,13.45,1182.0,34.0,39.0,8130097.0,8262004.0,7270098.0,0.0
07/08/2022,13.51,1149.0,36.0,32.0,8130150.0,8262060.0,7271190.0,0.0
08/08/2022,13.27,1160.0,35.0,27.0,8130131.0,8262073.0,7271269.0,0.0
09/08/2022,14.81,1174.0,37.0,20.0,8130202.0,8262187.0,7272257.0,0.0
10/08/2022,14.04,1123.0,42.0,13.0,8130262.0,8262274.0,7273160.0,0.0
11/08/2022,13.36,1096.0,41.0,36.0,8130301.0,8262353.0,7274017.0,0.0
12/08/2022,12.86,1038.0,28.0,44.0,8130375.0,8262420.0,7274679.0,0.0
13/08/2022,11.27,1010.0,31.0,25.0,8130384.0,8262450.0,7275231.0,0.0
14/08/2022,12.19,946.0,32.0,20.0,8130386.0,8262481.0,7275526.0,0.0
15/08/2022,11.49,936.0,31.0,10.0,8130352.0,8262480.0,7275571.0,0.0
16/08/2022,10.02,947.0,30.0,13.0,8130339.0,8262480.0,7275580.0,0.0
17/08/2022,14.49,918.0,27.0,11.0,8130379.0,8262513.0,7276059.0,0.0
18/08/2022,13.91,904.0,20.0,16.0,8130490.0,8262634.0,7276696.0,0.0
19/08/2022,14.01,866.0,21.0,22.0,8130546.0,8262690.0,7277331.0,0.0
20/08/2022,12.92,820.0,21.0,24.0,8130608.0,8262748.0,7277910.0,0.0
21/08/2022,13.67,803.0,21.0,23.0,8130648.0,8262776.0,7278279.0,0.0
22/08/2022,13.19,810.0,20.0,16.0,8130657.0,8262789.0,7278293.0,0.0
23/08/2022,17.59,800.0,20.0,24.0,8130599.0,8262884.0,7278898.0,0.0
24/08/2022,13.67,775.0,22.0,11.0,8130665.0,8262944.0,7279611.0,0.0
25/08/2022,14.81,780.0,23.0,20.0,8130742.0,8263012.0,7280166.0,0.0
26/08/2022,14.81,780.0,23.0,20.0,8130742.0,8263012.0,7280166.0,0.0
27/08/2022,14.81,780.0,23.0,20.0,8130742.0,8263012.0,7280166.0,0.0
28/08/2022,14.06,694.0,21.0,15.0,8130999.0,8263237.0,7281979.0,462697.0
29/08/2022,13.45,688.0,21.0,14.0,8131000.0,8263237.0,7281996.0,462781.0
